M,PyTorch Reference,Optimized Kernel
1024.000000,262.846878,555.265476
2048.000000,364.716673,1001.594834
4096.000000,443.314430,1814.399850
8192.000000,474.029705,4224.482063
16384.000000,482.203705,7293.015120
