G,PyTorch Reference,Optimized Kernel
1.000000,474.521641,547.082426
2.000000,436.142732,1122.119329
4.000000,421.582048,2084.849014
8.000000,389.994589,3576.613943
16.000000,341.966069,4910.227873
