{
  "intrinsic": {
    "width": 1920,
    "height": 960,
    "intrinsic_matrix": [
      [
        831.3843876330611,
        0.0,
        959.5
      ],
      [
        0.0,
        831.3843876330611,
        479.5
      ],
      [
        0.0,
        0.0,
        1.0
      ]
    ]
  },
  "extrinsic": [
    [
      0.9999386212222414,
      0.004611496409917637,
      -0.01007411976424265,
      1.3877787807814457e-17
    ],
    [
      -0.008853894759602526,
      -0.21401811185754743,
      -0.976789566050189,
      8.881784197001252e-16
    ],
    [
      -0.006660505667655464,
      0.9768188070966854,
      -0.2139641459835257,
      20.213839537345265
    ],
    [
      0.0,
      0.0,
      0.0,
      1.0
    ]
  ]
}