N,PyTorch Reference,M*G grouped Kernel
1024.000000,372.831073,355.839971
2048.000000,457.633060,448.218917
4096.000000,481.921519,527.452848
8192.000000,504.586071,536.299576
16384.000000,512.569024,557.786846
