G,PyTorch Reference,Optimized Kernel
1.000000,468.762555,452.365568
2.000000,471.080128,485.001579
4.000000,455.286303,498.992211
8.000000,423.914956,496.938215
16.000000,364.462201,467.821017
