N,PyTorch Reference,M*G grouped Kernel
1024.000000,372.363176,352.335260
2048.000000,431.353451,442.206775
4096.000000,479.881228,524.082454
8192.000000,505.281084,539.288375
16384.000000,512.295714,554.868443
