group_balance,PyTorch Reference,Optimized Kernel
0.000000,457.317984,504.748596
0.250000,443.124569,450.263226
0.500000,440.155575,462.417128
0.750000,443.056454,476.158057
0.900000,434.802197,462.472775
