group_balance,PyTorch Reference,Optimized Kernel
0.000000,451.939987,509.601089
0.250000,442.249182,486.855076
0.500000,442.962830,494.911680
0.750000,437.990162,518.015638
0.900000,429.873790,498.506758
