G,PyTorch Reference,Optimized Kernel
1.000000,468.924615,462.268802
2.000000,451.144178,491.451866
4.000000,429.601485,504.737547
8.000000,391.577456,497.088195
16.000000,324.091051,480.985192
