N,PyTorch Reference,Optimized Kernel
1024.000000,377.123857,365.615510
2048.000000,465.123480,473.373524
4096.000000,491.776789,529.376494
8192.000000,502.487425,523.423043
16384.000000,506.552842,530.319194
