group_balance,PyTorch Reference,Optimized Kernel
0.000000,451.550575,457.635655
0.250000,438.456552,414.913990
0.500000,440.651852,414.816955
0.750000,441.554740,437.342199
0.900000,433.730792,413.041058
