G,PyTorch Reference,Optimized Kernel
1.000000,470.282680,425.966713
2.000000,467.138634,441.267440
4.000000,438.715160,452.090622
8.000000,404.484188,442.452846
16.000000,319.063915,441.749303
